-- Usuarios: Corrección de números de teléfono a VARCHAR2
INSERT INTO USUARIOS VALUES ('CC', '1234567890', 'contra123', 'Juan', 'Perez', 'Colombiana', 'Calle 123 #45-67', 'juan.perez@example.com', '3101234567', 'Bogotá', 'Cundinamarca', 11001);
INSERT INTO USUARIOS VALUES ('TI', '2345678901', 'pass456', 'Laura', 'Gomez', 'Argentina', 'Avenida Siempre Viva 742', 'laura.gomez@example.com', '3202345678', 'Rosario', 'Santa Fe', 2000);
INSERT INTO USUARIOS VALUES ('CC', '3456789012', 'secure789', 'Carlos', 'Martinez', 'Mexicana', 'Privada del Sol 123', 'carlos.m@example.com', '3303456789', 'Monterrey', 'Nuevo León', 64000);
INSERT INTO USUARIOS VALUES ('CC', '4567890123', 'password123', 'Ana', 'Lopez', 'Española', 'Paseo de Gracia 47', 'ana.lopez@example.com', '3404567890', 'Barcelona', 'Cataluña', 8007);
INSERT INTO USUARIOS VALUES ('TI', '5678901234', 'mypassword', 'Luis', 'Fernandez', 'Chilena', 'Gran Avenida 123', 'luis.fernandez@example.com', '3505678901', 'Santiago', 'Santiago', 8300);
INSERT INTO USUARIOS VALUES ('CC', '6789012345', 'supersecure', 'Isabel', 'Morales', 'Peruana', 'Av. Larco 1010', 'isabel.m@example.com', '3606789012', 'Lima', 'Lima', 15074);

-- Oficinas: No se requieren correcciones en los valores proporcionados.
INSERT INTO OFICINAS VALUES ('Oficina Este', 7, 'Carrera 45 #30-27', 'LUNES_A_VIERNES');
INSERT INTO OFICINAS VALUES ('Sucursal Oeste', 6, 'Calle 70 #42-15', 'SABADO');
INSERT INTO OFICINAS VALUES ('Agencia Centro', 9, 'Avenida Bolivar 1234', 'FULL_TIME');
INSERT INTO OFICINAS VALUES ('Oficina Central', 10, 'Calle Principal 100', 'LUNES_A_VIERNES');
INSERT INTO OFICINAS VALUES ('Sucursal Norte', 5, 'Avenida del Río 200', 'SABADO');
INSERT INTO OFICINAS VALUES ('Agencia Sur', 8, 'Boulevard de los Héroes 300', 'FULL_TIME');

-- Empleados: Las referencias a USUARIOS y OFICINAS ya son correctas.
INSERT INTO EMPLEADOS VALUES ('GERENTE_GENERAL', '4567890123', 'Oficina Este');
INSERT INTO EMPLEADOS VALUES ('GERENTE_OFICINA', '5678901234', 'Sucursal Oeste');
INSERT INTO EMPLEADOS VALUES ('CAJERO', '6789012345', 'Agencia Centro');
INSERT INTO EMPLEADOS VALUES ('CAJERO', '1234567890', 'Oficina Central');
INSERT INTO EMPLEADOS VALUES ('GERENTE_OFICINA', '2345678901', 'Sucursal Norte');
INSERT INTO EMPLEADOS VALUES ('GERENTE_OFICINA', '3456789012', 'Agencia Sur');

-- Puntos de atención: Corrección de UBICACION_GEOGRAFICA a tipo cadena.
INSERT INTO PUNTOSATENCION VALUES ('3', 400, 'CAJERO_AUTOMATICO', 'Oficina Este');
INSERT INTO PUNTOSATENCION VALUES ('4', 350, 'APPWEB', 'Sucursal Oeste');
INSERT INTO PUNTOSATENCION VALUES ('1', 500, 'CAJERO_AUTOMATICO', 'Oficina Central');
INSERT INTO PUNTOSATENCION VALUES ('2', 300, 'APPWEB', 'Sucursal Norte');

-- Clientes: Ajuste de UBICACION_GEOGRAFICA a cadenas.
INSERT INTO CLIENTES VALUES ('NATURAL', '4567890123', '3');
INSERT INTO CLIENTES VALUES ('JURIDICA', '5678901234', '4');
INSERT INTO CLIENTES VALUES ('NATURAL', '6789012345', '1');
INSERT INTO CLIENTES VALUES ('NATURAL', '1234567890', '2');
INSERT INTO CLIENTES VALUES ('NATURAL', '2345678901', '3');
INSERT INTO CLIENTES VALUES ('JURIDICA', '3456789012', '4');

-- Cuentas: Las referencias a CLIENTES ya son correctas.
INSERT INTO CUENTAS VALUES (1003, 'AHORRO', 'ACTIVA', 7000.00, TO_DATE('2023-03-01', 'YYYY-MM-DD'), TO_DATE('2023-02-15', 'YYYY-MM-DD'), '4567890123');
INSERT INTO CUENTAS VALUES (1004, 'CORRIENTE', 'DESACTIVADA', 9500.00, TO_DATE('2023-04-01', 'YYYY-MM-DD'), TO_DATE('2023-03-20', 'YYYY-MM-DD'), '5678901234');
INSERT INTO CUENTAS VALUES (1001, 'AHORRO', 'ACTIVA', 5000.00, TO_DATE('2023-01-01', 'YYYY-MM-DD'), TO_DATE('2023-01-01', 'YYYY-MM-DD'), '1234567890');
INSERT INTO CUENTAS VALUES (1002, 'CORRIENTE', 'DESACTIVADA', 12000.00, TO_DATE('2023-02-01', 'YYYY-MM-DD'), TO_DATE('2023-01-15', 'YYYY-MM-DD'), '2345678901');

-- Préstamos: No se requieren correcciones en los valores proporcionados.
INSERT INTO PRESTAMOS VALUES (103, 'AUTOMOVIL', 'APROVADO', 150000.00, 3.5, 48, 20, 3500.00);
INSERT INTO PRESTAMOS VALUES (104, 'LIBRE_INVERSION', 'SOLICITADO', 80000.00, 4.8, 24, 5, 3600.00);
INSERT INTO PRESTAMOS VALUES (101, 'VIVIENDA', 'APROVADO', 200000.00, 4.5, 60, 15, 4000.00);
INSERT INTO PRESTAMOS VALUES (102, 'ESTUDIO', 'SOLICITADO', 50000.00, 5.0, 36, 10, 1500.00);

-- Operaciones bancarias: Cambio de UBICACIONGEOGRAFICA a tipo cadena.
INSERT INTO OPERACIONESBANCARIAS VALUES (10003, 1500.00, TO_DATE('2023-04-10', 'YYYY-MM-DD'), TO_TIMESTAMP('2023-04-10 09:00:00', 'YYYY-MM-DD HH24:MI:SS'), '3');
INSERT INTO OPERACIONESBANCARIAS VALUES (10004, 2500.00, TO_DATE('2023-04-15', 'YYYY-MM-DD'), TO_TIMESTAMP('2023-04-15 11:30:00', 'YYYY-MM-DD HH24:MI:SS'), '4');
INSERT INTO OPERACIONESBANCARIAS VALUES (10001, 1000.00, TO_DATE('2023-03-10', 'YYYY-MM-DD'), TO_TIMESTAMP('2023-03-10 14:00:00', 'YYYY-MM-DD HH24:MI:SS'), '1');
INSERT INTO OPERACIONESBANCARIAS VALUES (10002, 2000.00, TO_DATE('2023-03-11', 'YYYY-MM-DD'), TO_TIMESTAMP('2023-03-11 10:00:00', 'YYYY-MM-DD HH24:MI:SS'), '2');
INSERT INTO OPERACIONESBANCARIAS VALUES (10005, 2000.00, TO_DATE('2024-04-27', 'YYYY-MM-DD'), TO_TIMESTAMP('2024-04-27 10:00:00', 'YYYY-MM-DD HH24:MI:SS'), '2');
INSERT INTO OPERACIONESBANCARIAS VALUES (10006, 2000.00, TO_DATE('2024-04-27', 'YYYY-MM-DD'), TO_TIMESTAMP('2024-04-27 10:00:00', 'YYYY-MM-DD HH24:MI:SS'), '1');


-- Operaciones de cuenta: Las referencias a CUENTAS y OPERACIONESBANCARIAS ya son correctas.
INSERT INTO OPERACIONESCUENTA VALUES (20003, 'RETIRO', 1003, 10003);
INSERT INTO OPERACIONESCUENTA VALUES (20004, 'CONSIGNACION', 1004, 10004);
INSERT INTO OPERACIONESCUENTA VALUES (20001, 'RETIRO', 1001, 10001);
INSERT INTO OPERACIONESCUENTA VALUES (20002, 'CONSIGNACION', 1002, 10002);

INSERT INTO OPERACIONESCUENTA VALUES (20005, 'CONSIGNACION', 1001, 10006);
INSERT INTO OPERACIONESCUENTA VALUES (20006, 'RETIRO', 1002, 10005);

-- Operaciones de préstamo: Las referencias a PRESTAMOS y OPERACIONESBANCARIAS ya son correctas.
INSERT INTO OPERACIONESPRESTAMO VALUES (30003, 'PAGO_ORDINARIO', 103, 10003);
INSERT INTO OPERACIONESPRESTAMO VALUES (30004, 'PAGO_EXTRAORDINARIO', 104, 10004);
INSERT INTO OPERACIONESPRESTAMO VALUES (30001, 'PAGO_ORDINARIO', 101, 10001);
INSERT INTO OPERACIONESPRESTAMO VALUES (30002, 'PAGO_EXTRAORDINARIO', 102, 10002);
